Timestamp,Username,Command
2025-05-14T17:56:20.087Z,"dancingcorpse","!spin for @Sephim"
2025-05-14T18:00:15.897Z,"dancingcorpse","!spin"
2025-05-14T18:14:38.710Z,"dancingcorpse","!spin for @Syralan"
2025-05-14T18:18:44.790Z,"dancingcorpse","!spin for @AzureToan"
2025-05-14T18:22:26.153Z,"dancingcorpse","!spin Well-Groomed Hobo"
2025-05-14T18:26:13.890Z,"layzay73","!spin for Saahad"
2025-05-14T18:32:08.133Z,"layzay73","!spin for XxerophX"
2025-05-14T18:32:48.577Z,"layzay73","!spin for UsernameNotFoundErr"
2025-05-14T18:38:22.118Z,"layzay73","!spin for MarkovellioTV"
2025-05-14T18:39:29.295Z,"layzay73","!spin for UsernameNotFoundErr"
2025-05-14T18:41:40.848Z,"layzay73","!spin for Saahad"
2025-05-14T18:45:12.737Z,"layzay73","!spin for Agt_Washington_"
2025-05-14T18:46:38.767Z,"layzay73","!spin for iiidarkcloudiii"
2025-05-14T18:52:31.448Z,"layzay73","!spin for Ancient_Nephilim"
2025-05-14T18:54:48.936Z,"layzay73","!spin for Blood_Bay"
2025-05-14T18:55:45.042Z,"layzay73","!spin for swordsmenjay"
2025-05-14T18:56:31.716Z,"layzay73","!spin for well groomed hobo"
2025-05-14T19:00:04.263Z,"layzay73","!spin for Toad Frogson"
2025-05-14T19:04:47.759Z,"dancingcorpse","!spin @tritionofatlas"
2025-05-14T19:10:46.238Z,"layzay73","!spin 1st for Karstonea"
2025-05-14T19:11:56.686Z,"layzay73","!spin 2nd Karstonea"
2025-05-14T19:15:43.132Z,"layzay73","!spin the third for Karstonea"
2025-05-14T19:20:03.321Z,"layzay73","!spin MarkovellioTV"
2025-05-14T19:23:48.924Z,"layzay73","!spin iiidarkcloudiii"
2025-05-14T19:29:25.184Z,"layzay73","!spin Iced_Delulu"
2025-05-14T19:30:19.393Z,"layzay73","!spin swordsmenjay"
2025-05-14T19:36:31.358Z,"layzay73","!spin Dedale41"
2025-05-14T19:40:06.645Z,"layzay73","!spin MarkovellioTV"
2025-05-14T19:45:45.205Z,"layzay73","!spin Fir Tree"
2025-05-14T19:49:27.420Z,"layzay73","!spin panda_71"
2025-05-14T19:50:17.877Z,"layzay73","!spin shades"
2025-05-14T19:51:17.759Z,"layzay73","!spin H0Ngh0sti3"
2025-05-14T19:54:51.368Z,"layzay73","!spin Ancient_Nephilim"
2025-05-14T19:58:30.070Z,"layzay73","!spin MarkovellioTV"
2025-05-14T20:02:37.916Z,"dancingcorpse","!spin @neo_cortosis"
2025-05-14T20:06:26.823Z,"layzay73","!spin FoxMondragon"
2025-05-14T20:06:56.589Z,"layzay73","!spin MarkovellioTV"
2025-05-14T20:12:57.653Z,"layzay73","!spin FilSaFer 1st"
2025-05-14T20:16:23.893Z,"layzay73","!spin FilSaFer 2nd"
2025-05-14T20:17:03.485Z,"layzay73","!spin FilSaFer 3rd"
2025-05-14T20:17:43.310Z,"layzay73","!spin FilSaFer 4sr"
2025-05-14T20:20:35.293Z,"layzay73","!spin FilSaFer 5th"
2025-05-14T20:24:12.571Z,"layzay73","!spin FilSaFer 6th"
2025-05-14T20:30:51.703Z,"layzay73","!spin FilSaFer 7th"
2025-05-14T20:32:46.134Z,"layzay73","!spin FilSaFer 8th"
2025-05-14T20:36:30.524Z,"layzay73","!spin FilSaFer 9th"
2025-05-14T20:37:10.699Z,"layzay73","!spin FilSaFer 10th"
2025-05-14T20:38:34.619Z,"layzay73","!spin Nardo_T_Icarus"
2025-05-14T20:39:41.751Z,"layzay73","!spin barrettsmithbb 1st"
2025-05-14T20:45:27.962Z,"layzay73","!spin barrettsmithbb 2st"
2025-05-14T20:48:20.612Z,"layzay73","!spin barrettsmithbb 3sr"
2025-05-14T20:49:04.623Z,"layzay73","!spin barrettsmithbb 4th"
2025-05-14T20:50:17.612Z,"layzay73","!spin barrettsmithbb 5th"
2025-05-14T20:53:01.400Z,"layzay73","!spin barrettsmithbb 6st"
2025-05-14T20:54:09.956Z,"layzay73","!spin barrettsmithbb 7rd"
2025-05-14T20:56:51.476Z,"layzay73","!spin barrettsmithbb 9st"
2025-05-14T20:59:39.221Z,"layzay73","!spin barrettsmithbb 9fr"
2025-05-14T21:01:49.124Z,"layzay73","!spin barrettsmithbb 10rd"
2025-05-14T21:03:02.942Z,"layzay73","!spin FoxMondragon"
2025-05-14T21:04:14.798Z,"layzay73","!spin wellgroomedHobo 1"
2025-05-14T21:06:36.240Z,"layzay73","!spin hobothe2nd"
2025-05-14T21:08:03.163Z,"dancingcorpse","!spin Hobo"
2025-05-14T21:11:39.252Z,"dancingcorpse","!spin hobo"
2025-05-14T21:17:37.768Z,"dancingcorpse","!spin Hobo #5"
2025-05-14T21:18:47.367Z,"layzay73","!spin Isaiah (I_Zeyfro)"
2025-05-14T21:19:39.376Z,"dancingcorpse","!spin MarkovellioTV1"
2025-05-14T21:21:30.146Z,"dancingcorpse","!spin MarkovellioTV2"
2025-05-14T21:25:30.261Z,"layzay73","!spin MarkovellioTV #3"
2025-05-14T21:26:10.791Z,"dancingcorpse","!spin MarkovellioTV #4"
2025-05-14T21:27:06.623Z,"layzay73","!spin MarkovellioTV #5"
2025-05-14T21:32:47.199Z,"layzay73","!spin MarkovellioTV #6"
2025-05-14T21:36:03.160Z,"layzay73","!spin MarkovellioTV #7"
2025-05-14T21:36:32.855Z,"layzay73","!spin MarkovellioTV #8"
2025-05-14T21:37:25.106Z,"layzay73","!spin MarkovellioTV #9"
2025-05-14T21:41:30.998Z,"layzay73","!spin MarkovellioTV #10"
2025-05-14T21:41:31.429Z,"dancingcorpse","!spin MarkovellioTV #10"
2025-05-14T21:44:43.181Z,"layzay73","!spin swordsmenjay"
2025-05-14T21:48:03.845Z,"dancingcorpse","!spin Blood_bay"
2025-05-14T21:48:55.240Z,"dancingcorpse","!spin Blood_bay #2"
2025-05-14T21:52:16.137Z,"dancingcorpse","!sping tritionofatlas"
2025-05-14T21:52:20.453Z,"dancingcorpse","!spin tritionofatlas"
2025-05-14T21:53:18.225Z,"fireball0214","!sping"
2025-05-14T21:53:27.549Z,"dancingcorpse","!spin Shades"
2025-05-14T21:54:22.945Z,"layzay73","!spin LAST_ONE_from_MarkovellioTV"
2025-05-14T23:57:20.265Z,"fake_boi","!spin"
2025-05-14T23:57:38.257Z,"fake_boi","!spin layzay"
2025-05-14T23:58:04.378Z,"TestMod","!spin TestUser123"
2025-05-14T23:58:32.054Z,"fake_boi","!spin @layzay"
2025-05-14T23:59:03.567Z,"fake_boi","!spin layzay73"
2025-05-14T23:59:55.845Z,"fake_boi","!spin @username layzay73"
